{"cameraMode":{"drawMode":0,"name":"Shaded","section":"Shading Mode"},"sceneLighting":false,"audioPlay":false,"sceneViewState":{"showFog":true,"showMaterialUpdate":false,"showSkybox":false,"showFlares":true,"showImageEffects":true,"showParticleSystems":true},"in2DMode":false,"pivot":{"x":8.739999771118164,"y":3.929999828338623,"z":2.549999952316284},"rotation":{"x":-0.2587115168571472,"y":0.6648234724998474,"z":-0.26515352725982668,"w":-0.6486712098121643},"size":0.8573645353317261,"orthographic":false}